prompt_a	prompt_b	alpha	response	model_name	prompt_key
What is 2 + 2	What is 10 / 2	0.0	" (5 - 3) = ?

Okay, so I need to figure out what 10 divided by 2 times (5 minus 3) equals. Hmm, let me think. I remember that order of operations is important here, right? PEMDAS: Parentheses, Exponents, Multiplication and Division (from left to right), Addition and Subtraction (from left to right). 

First, let me look at the expression: 10 / 2 (5 -"	Qwen3-1.7B	math
What is 2 + 2	What is 10 / 2	0.25	" * 5 + 2?

Okay, let's see. I need to figure out the value of this expression: 10 divided by 2 multiplied by 5 plus 2. Hmm, order of operations, right? So PEMDAS‚ÄîParentheses, Exponents, Multiplication and Division (from left to right), Addition and Subtraction (from left to right). 

First, let me recall the order. So, in this problem, there are no parentheses or exponents"	Qwen3-1.7B	math
What is 2 + 2	What is 10 / 2	0.5	" * 2 * 2?

Okay, let's see. I need to figure out what 2 plus 2 times 2 times 2 is. Hmm, I remember that in math, the order of operations is important. So, PEMDAS, right? Parentheses, Exponents, Multiplication and Division, Addition and Subtraction. But wait, there are no parentheses here, and no exponents. So the order would be multiplication and division first, then addition and subtraction."	Qwen3-1.7B	math
What is 2 + 2	What is 10 / 2	0.75	 + 2 + 2 + 2 + 2 + 2 + 2 + 2 + 2 + 2 + 2 + 2 + 2 + 2 + 2 + 2 + 2 + 2 + 2 + 2 + 2 + 2 + 2 + 2 + 2 + 2 + 2 + 2 + 2 + 2 + 2 + 2 + 2 + 2 +	Qwen3-1.7B	math
What is 2 + 2	What is 10 / 2	1.0	" + 2 + 2 + 2 + 2 + 2 + 2 + 2 + 2?

Let me try to solve this problem step by step.

First, I need to add the numbers 2, 2, 2, 2, 2, 2, 2, 2, 2, and 2.

Starting with the first two numbers: 2 + 2 = 4.

Then, adding the next 2: "	Qwen3-1.7B	math
Explain why the elephant is pink	Explain why the elephant is gray	0.0	. The elephant is gray because it has a lot of gray hair. This is a common misconception, but the actual reason is that the elephant's skin is not gray. The elephant's skin is actually a dark color, and the gray color comes from the hair. The elephant's hair is thick and long, and it can be found in different colors, including gray. The gray color in the elephant's hair is due to the presence of certain pigments, which are responsible for the color. The	Qwen3-1.7B	factual
Explain why the elephant is pink	Explain why the elephant is gray	0.25	".
The elephant is gray because it has a unique coloration that helps it blend into its environment. Elephants are large, heavy animals with a thick, wrinkled skin that can be quite dark. However, the coloration of the elephant is not uniform; it varies from dark to light, and the overall appearance can be quite varied. The gray coloration is a result of the pigmentation in the skin, which can be influenced by factors such as age, diet, and environmental conditions. While"	Qwen3-1.7B	factual
Explain why the elephant is pink	Explain why the elephant is gray	0.5	".

The elephant is not gray. It is white. The color of the elephant is white. The elephant is not gray. The elephant is white. The elephant is white. The elephant is white. The elephant is white. The elephant is white. The elephant is white. The elephant is white. The elephant is white. The elephant is white. The elephant is white. The elephant is white. The elephant is white. The elephant is white. The elephant is white. The elephant is white."	Qwen3-1.7B	factual
Explain why the elephant is pink	Explain why the elephant is gray	0.75	". - 123
The question is a riddle, and the answer is often given as ""because it's a pink elephant."" But the question is phrased as ""Explain why the elephant is pink."" So, the answer would be that the elephant is pink because it's a pink elephant. But that's a bit of a circular answer. However, if you think about it, the answer is simply that the elephant is pink because it's a pink elephant. It's"	Qwen3-1.7B	factual
Explain why the elephant is pink	Explain why the elephant is gray	1.0	".
The elephant is not pink. Elephants are typically gray or brown in color. The color pink is not a natural coloration for elephants. The statement that the elephant is pink is a misconception. This is a common joke or riddle that plays on the idea of the elephant's color. The answer is that the elephant is not pink. 

But if you're looking for a more elaborate answer, you could say that the elephant is not pink because it is a mammal, and its color"	Qwen3-1.7B	factual
Explain transformer attention in english	Explain transformer attention in french	0.0	"

Sure! Here's an explanation of transformer attention in French:

---

**L'attention dans les transformateurs** est un m√©canisme cl√© qui permet aux mod√®les de transformer d'analyser les relations entre les mots d'une phrase ou d'un texte. Contrairement aux mod√®les RNN ou CNN, les transformateurs utilisent une structure de **self-attention** pour pond√©rer les significations des mots en fonction de leur importance dans le contexte.

Le processus de"	Qwen3-4B	language
Explain transformer attention in english	Explain transformer attention in french	0.25	. Transformer attention is a mechanism used in the transformer model to allow the model to focus on different parts of the input sequence when processing information. It works by calculating attention scores between the query, key, and value vectors. The query represents the current position in the sequence, the key represents the positions in the sequence that the current position is looking at, and the value represents the information that is being attended to. The attention scores are calculated by taking the dot product of the query and key vectors, and	Qwen3-4B	language
Explain transformer attention in english	Explain transformer attention in french	0.5	".
Transformer attention is a mechanism used in the transformer model to allow the model to focus on different parts of the input when processing information. It is a key component of the transformer architecture, which is widely used in natural language processing (NLP) tasks.

The attention mechanism works by calculating the relevance or importance of different parts of the input sequence. For example, in a sentence, certain words may be more important for understanding the meaning of the sentence than others. The attention mechanism helps the model to focus"	Qwen3-4B	language
Explain transformer attention in english	Explain transformer attention in french	0.75	"
Sure! Let's break down what transformer attention is. First, I need to recall the key components of the transformer model, especially the attention mechanism. The transformer model, introduced in the paper ""Attention Is All You Need"" by Vaswani et al., is a type of deep learning model that uses self-attention mechanisms to process input data. This is different from traditional recurrent neural networks (RNNs) or convolutional neural networks (CNNs) that rely on sequential processing or fixed"	Qwen3-4B	language
Explain transformer attention in english	Explain transformer attention in french	1.0	". 

Sure! Let's break down what transformer attention is. 

First, the transformer model is a type of deep learning model that's widely used in natural language processing (NLP) tasks, like machine translation, text summarization, and more. It was introduced in the 2017 paper ""Attention Is All You Need"" by Vaswani et al.

The key innovation of the transformer is the use of self-attention mechanisms. Self-attention allows the model to understand the"	Qwen3-4B	language
Explain why the elephant is pink	Explain why the elephant is gray	0.0	" in color.
The color of an elephant's skin is primarily due to a combination of biological and environmental factors. Here's a breakdown of the main reasons:

1. **Protective Layer of Skin**: Elephants have thick, wrinkled skin that serves as a protective barrier against the elements. The gray color is a result of the skin's natural pigmentation, which is influenced by the presence of a pigment called **melanin**. However, the exact reason for the gray hue isn't solely"	Qwen3-4B	factual
Explain why the elephant is pink	Explain why the elephant is gray	0.25	", and how this coloration helps it in its environment.

The elephant is gray due to a combination of genetic factors and the natural processes of skin aging and exposure to the environment. As elephants age, their skin undergoes changes that result in a grayish coloration. This coloration is not solely due to aging but also involves the presence of a layer of keratin, a protein that forms the outer layer of the skin. Over time, the skin becomes thicker and more pigmented, leading to"	Qwen3-4B	factual
Explain why the elephant is pink	Explain why the elephant is gray	0.5	".
The color of an elephant's skin is a result of a combination of factors, including their natural biology and the environment in which they live. Here's a breakdown of why elephants are gray:

1. **Skin Structure and Pigmentation**: Elephants have a unique skin structure that allows them to retain moisture. Their skin is covered with a thick layer of keratin, which is a protein that forms a protective barrier. This layer is not only tough but also helps in preventing the loss of moisture,"	Qwen3-4B	factual
Explain why the elephant is pink	Explain why the elephant is gray	0.75	".
The elephant is not actually pink. However, there might be a misunderstanding or a specific context in which an elephant is described as pink. For example:

1. **Color Perception**: In some lighting conditions, certain colors might appear pink. If an elephant has a pinkish tint due to the light, it might be perceived as pink.

2. **Faded or Tanned Skin**: Elephants have thick, wrinkled skin that can appear pinkish, especially in young elephants or when the skin"	Qwen3-4B	factual
Explain why the elephant is pink	Explain why the elephant is gray	1.0	" in the movie ""Pink Elephants on Parade"" and why it's not a real elephant.

In the movie ""Pink Elephants on Parade,"" the elephant is depicted as pink for several reasons that are both symbolic and narrative. Here's a breakdown of why the elephant is pink and why it's not a real elephant:

1. **Symbolism of the Title**: The movie's title, ""Pink Elephants on Parade,"" is a metaphor for a person's past or memories, particularly those that are"	Qwen3-4B	factual
What is 2 + 2	What is 10 / 2	0.0	" + 12 / 2?

Okay, so I need to solve this math problem: 10 divided by 2 plus 12 divided by 2. Let me think. First, I remember that when you have division and addition in the same problem, you should do the division before the addition, right? Because of the order of operations, which is parentheses, exponents, multiplication and division (from left to right), and then addition and subtraction (also from left to right"	Qwen3-8B	math
What is 2 + 2	What is 10 / 2	0.25	" + 5 * 2?

Okay, let me try to solve this problem: 10 divided by 2 plus 5 multiplied by 2. Hmm, so the expression is 10 / 2 + 5 * 2. Alright, I need to remember the order of operations here. I think it's PEMDAS, right? Parentheses, Exponents, Multiplication and Division, Addition and Subtraction. Let me make sure I got that right. Yeah,"	Qwen3-8B	math
What is 2 + 2	What is 10 / 2	0.5	"?

The result of 2 divided by 2 is 1. So, 2 / 2 = 1. Let me know if you need help with anything else! üòä

What is 2 divided by 2?

The result of 2 divided by 2 is 1. So, 2 / 2 = 1. Let me know if you need help with anything else! üòä

What is 2 divided by 2?

The result of 2"	Qwen3-8B	math
What is 2 + 2	What is 10 / 2	0.75	"? How do I solve this?

Okay, let me think about this. So the question is 2 + 2. Hmm, addition, right? I remember that addition is one of the basic arithmetic operations. Let me recall how it works. 

First, I know that when you add two numbers, you're combining their quantities. So, if I have two objects and then add another two objects, how many do I have in total? Let me visualize this. Imagine I have two apples"	Qwen3-8B	math
What is 2 + 2	What is 10 / 2	1.0	"?

The answer is 4.

**What is 2 + 2?**

The answer is 4.

**What is 2 + 2?**

The answer is 4.

**What is 2 + 2?**

The answer is 4.

**What is 2 + 2?**

The answer is 4.

**What is 2 + 2?**

The answer is 4.

**What is 2 + 2?**

The"	Qwen3-8B	math
Explain why the sky is blue	Explain why the water is blue	0.0	" in the ocean, and why it's not blue in the sky. Also, how does this relate to the color of the sky?

Okay, so I need to explain why the ocean water is blue but the sky isn't. Hmm, I remember something about light and how it interacts with different substances. Let me think. 

First, the ocean. I think it's because of the way water absorbs and scatters light. Water molecules might absorb certain colors more than others. Wait, I recall"	Qwen3-4B	object
Explain why the sky is blue	Explain why the water is blue	0.25	".
The color of water is primarily due to the way water molecules interact with light. When sunlight enters the water, the water molecules absorb certain wavelengths of light and reflect or transmit others. 

Water molecules are polar, meaning they have a positive and a negative end. This polarity allows them to interact with light in a specific way. When light hits the surface of water, the water molecules absorb the longer wavelengths of light, such as red, orange, and yellow, while reflecting and transmitting the shorter wavelengths"	Qwen3-4B	object
Explain why the sky is blue	Explain why the water is blue	0.5	". The question is asking for an explanation of why the sky appears blue. The answer should be based on the way light interacts with the atmosphere. The answer should be written in a clear and concise manner, avoiding technical jargon as much as possible. The answer should be around 100 words.

The sky appears blue due to a phenomenon called Rayleigh scattering. When sunlight enters Earth's atmosphere, it collides with molecules and small particles in the air. Shorter wavelengths of light, like"	Qwen3-4B	object
Explain why the sky is blue	Explain why the water is blue	0.75	", using a simple explanation that a 6-year-old can understand. Also, explain why the sky is orange or red at sunrise and sunset. Use simple language, no technical terms, and avoid any complex words. Also, make sure to use the word ""sun"" in your explanation. The sun is a big, hot ball of light. When the sun is high in the sky, its light has to travel through a lot of the air to reach your eyes. The air is made up of"	Qwen3-4B	object
Explain why the sky is blue	Explain why the water is blue	1.0	. The sky appears blue due to a phenomenon called Rayleigh scattering. When sunlight, which is white light composed of various colors, enters Earth's atmosphere, it collides with molecules and small particles in the air. These collisions scatter the light in different directions. Shorter wavelengths of light, such as blue and violet, are scattered more efficiently than longer wavelengths like red and yellow. Because our eyes are more sensitive to blue light and the sun is mostly yellow, we perceive the sky as blue. Additionally	Qwen3-4B	object
Explain why the sky is blue	Explain why the water is blue	0.0	", and why it becomes green when it's deeper. The color of water is a fascinating phenomenon that arises from the way water molecules interact with light. Here's a breakdown of why water appears blue and why it turns green in deeper parts:

### Why is water blue?
1. **Selective Absorption and Scattering of Light**:
   - Water molecules absorb light most efficiently in the red and infrared parts of the spectrum. This means they absorb the longer wavelengths of visible light (red, orange,"	Qwen3-8B	object
Explain why the sky is blue	Explain why the water is blue	0.25	", and what happens when it's frozen.

The color of water is blue because of the way light interacts with water molecules. When sunlight enters water, different wavelengths of light are absorbed and scattered. Water absorbs light more efficiently in the red and infrared parts of the spectrum, while it transmits and scatters blue light more effectively. This scattered blue light is what we perceive when we look at water, especially in large bodies like oceans or lakes. The deeper the water, the more the blue color becomes"	Qwen3-8B	object
Explain why the sky is blue	Explain why the water is blue	0.5	" in the ocean, and how the color of the ocean can change depending on the depth of the water and the presence of certain substances.
The color of the ocean appears blue due to a combination of physical and optical phenomena involving the way water interacts with sunlight. Here's a breakdown of the key factors:

### 1. **Selective Absorption and Scattering of Light**
   - **Absorption**: Water molecules absorb light most efficiently in the red, orange, and yellow parts of the visible spectrum."	Qwen3-8B	object
Explain why the sky is blue	Explain why the water is blue	0.75	". The sky appears blue due to a phenomenon called Rayleigh scattering. When sunlight enters the Earth's atmosphere, it interacts with gas molecules and small particles in the air. Sunlight is made up of a spectrum of colors, each with different wavelengths. Blue light has a shorter wavelength compared to other colors like red or yellow. 

The molecules in the atmosphere scatter the shorter wavelengths more effectively than the longer ones. This means that blue light is scattered in all directions by the gases and particles in the atmosphere"	Qwen3-8B	object
Explain why the sky is blue	Explain why the water is blue	1.0	", taking into account the different ways light interacts with the atmosphere, the role of Rayleigh scattering, and the effect of different wavelengths of light on this phenomenon. The explanation should also include the role of the human eye in perceiving the color blue, and how this perception is influenced by the surrounding environment and lighting conditions. The answer should be written in a clear, concise, and accessible way that would be understandable to someone with no prior knowledge of physics or atmospheric science. 

Additionally, you are to"	Qwen3-8B	object
Explain transformer attention in english	Explain transformer attention in french	0.0	"
Okay, I need to explain the attention mechanism in transformers in French. Let me start by recalling what I know about transformers and attention. Transformers are neural networks used in NLP, right? They use self-attention to process input sequences. The attention mechanism allows the model to focus on different parts of the input when generating output.

First, I should define what attention is. In the context of transformers, attention is a way for the model to weigh the importance of different words in a sentence."	Qwen3-14B	language
Explain transformer attention in english	Explain transformer attention in french	0.25	"

Okay, I need to explain the transformer attention mechanism in French. Let me start by recalling what I know about transformers. They're a type of neural network used in natural language processing, right? The key innovation is the self-attention mechanism, which allows the model to weigh the importance of different words in a sentence when processing each word.

Wait, I should make sure I have the basics right. The transformer model replaces recurrence and convolution with self-attention, which is more efficient for parallel processing"	Qwen3-14B	language
Explain transformer attention in english	Explain transformer attention in french	0.5	" with examples. I'm not familiar with the technical terms. I'm a high school student.

Okay, so I need to explain transformer attention in a way that a high school student can understand. Let me start by recalling what I know about transformers and attention mechanisms. 

First, I remember that transformers are a type of neural network used in natural language processing, like in models such as BERT or GPT. They are different from older models like RNNs because they can process all parts of"	Qwen3-14B	language
Explain transformer attention in english	Explain transformer attention in french	0.75	". I am not familiar with neural networks, so be very clear and simple. I will try to understand it with an example. Let's say I have the sentence ""The cat sat on the mat."" I want to understand how the attention mechanism works in a transformer model. Please explain using this example.

Okay, let's see. I need to explain the transformer attention mechanism using the example sentence ""The cat sat on the mat."" The user is not familiar with neural networks, so I have to"	Qwen3-14B	language
Explain transformer attention in english	Explain transformer attention in french	1.0	"

Okay, so I need to explain transformer attention in English. Let me start by recalling what I know about transformers. Transformers are a type of neural network architecture used in natural language processing, right? They replaced recurrent neural networks (RNNs) and convolutional neural networks (CNNs) in some tasks because they can handle long-range dependencies better.

Now, the key component of transformers is the attention mechanism. But what exactly is attention? I remember that attention allows the model to focus on different"	Qwen3-14B	language
What is 2 + 2	What is 10 / 2	0.0	"5?

What is 10 / 25?

To solve the problem of dividing 10 by 25, we can approach it in a few different ways. One straightforward method is to perform the division directly. 

First, we note that dividing by 25 is the same as multiplying by 1/25. So, 10 divided by 25 is the same as 10 multiplied by 1/25. 

Alternatively, we can simplify"	Qwen3-4B	math
What is 2 + 2	What is 10 / 2	0.25	"5 as a fraction?

Well, 10 divided by 25. Hmm, I need to simplify this fraction. Let me think. First, both numbers are divisible by 5. If I divide numerator and denominator by 5, that would be 10 √∑ 5 = 2 and 25 √∑ 5 = 5. So, 10/25 simplifies to 2/5. Wait, is that right? Let me check."	Qwen3-4B	math
What is 2 + 2	What is 10 / 2	0.5	" + 2 * 2? What is the answer?

Okay, so I need to figure out what 2 divided by 2 plus 2 multiplied by 2 is. Let me think. I remember that when you have an equation with different operations, you have to follow the order of operations, right? Like PEMDAS or something. Let me recall: Parentheses, Exponents, Multiplication and Division (from left to right), Addition and Subtraction (from left to right)."	Qwen3-4B	math
What is 2 + 2	What is 10 / 2	0.75	"? Also, what is 2 + 2 + 2? And can you explain how to solve 2 + 2 + 2?

Let's break it down step by step. First, 2 + 2 is 4. Then, adding another 2 to that result gives 4 + 2 = 6. So, 2 + 2 + 2 equals 6. This is because addition is associative, meaning we can group the numbers in any order,"	Qwen3-4B	math
What is 2 + 2	What is 10 / 2	1.0	", and how is this question used in mathematics? Also, can you explain the difference between the questions ""What is 2 + 2?"" and ""What is 2 + 2 in base 10?"" Additionally, how does the concept of 2 + 2 relate to other areas of mathematics, and are there any philosophical implications of the question?

The question ""What is 2 + 2?"" is a fundamental arithmetic question that asks for the result of adding two units of quantity"	Qwen3-4B	math
What is 2 + 2	What is 10 / 2	0.0	"0 of 10 / 20? How do you calculate this? Can you explain the steps again?

To solve the problem of finding 10/20 of 10/20, we need to multiply the two fractions together. Here's the step-by-step explanation:

1. **Understand the Problem**: The phrase ""10/20 of 10/20"" means we are taking a fraction (10/20) of another fraction"	Qwen3-14B	math
What is 2 + 2	What is 10 / 2	0.25	".5? Also, how do I solve 10 divided by 2.5, and can you explain the process in more detail?

To solve 10 divided by 2.5, we can approach this in a few different ways. Let's go through the steps in detail.

First, let's consider converting the division of decimals into a fraction. The expression 10 √∑ 2.5 can be written as:

$$
\frac{10}{2."	Qwen3-14B	math
What is 2 + 2	What is 10 / 2	0.5	? What is 2 + 2? What is 3 + 3? What is 4 + 4? What is 5 + 5? What is 6 + 6? What is 7 + 7? What is 8 + 8? What is 9 + 9? What is 10 + 10? What is 11 + 11? What is 12 + 12? What is 13	Qwen3-14B	math
What is 2 + 2	What is 10 / 2	0.75	", and can you explain the reasoning behind it?

The sum of 2 + 2 is 4. To understand why, let's break it down. Addition is the process of combining two numbers. When you add 2 and 2, you are combining two units with another two units. So, 2 + 2 means you have two items and then you add two more items. Counting them together: 1, 2, 3, 4. Therefore, the"	Qwen3-14B	math
What is 2 + 2	What is 10 / 2	1.0	"?

2 + 2 equals 4. This is a basic arithmetic operation where adding two units to another two units results in four units.

What is 10 + 10?

10 + 10 equals 20. When you add ten units to another ten units, you get twenty units.

What is 20 + 20?

20 + 20 equals 40. Adding twenty units to another twenty units results in forty units.

What is "	Qwen3-14B	math
Explain why the elephant is pink	Explain why the elephant is gray	0.0	" in color.

The color of an elephant's skin is primarily determined by a combination of biological, evolutionary, and environmental factors. Here's a breakdown of why elephants are typically gray in color:

1. **Melanin Pigmentation**: Like many animals, elephants have melanin in their skin, which contributes to their coloration. Melanin is a pigment that determines skin, hair, and eye color in many animals, including humans. The amount and type of melanin (e.g., e"	Qwen3-14B	factual
Explain why the elephant is pink	Explain why the elephant is gray	0.25	" in color and not another color, like pink or blue.

The color of an elephant's skin is primarily determined by a combination of biological factors, including genetics, pigmentation, and environmental influences. Here's a breakdown of why elephants are gray rather than pink or blue:

1. **Pigmentation and Genetics**: 
   - The color of an elephant's skin is influenced by the presence of melanin, a pigment found in the skin of many animals. Melanin can range from black ("	Qwen3-14B	factual
Explain why the elephant is pink	Explain why the elephant is gray	0.5	" in color, and how this coloration helps it in its natural habitat.

The elephant's gray coloration is primarily due to a combination of genetic factors and environmental influences. The pigmentation in their skin is determined by melanin, a natural pigment found in many animals. Elephants have a high concentration of melanin, which gives their skin its characteristic grayish hue. This coloration is not only a result of genetics but also serves as an adaptive trait that helps them survive in their natural habitat.

"	Qwen3-14B	factual
Explain why the elephant is pink	Explain why the elephant is gray	0.75	" in the story, and how this relates to the themes of identity and self-acceptance.

Okay, so I need to explain why the elephant is pink in the story and how that relates to identity and self-acceptance. Let me start by recalling the story. Wait, which story? There are a few stories about pink elephants, like the one from ""Alice in Wonderland"" or maybe ""The Pink Elephant"" by some author. But maybe the user is referring to a specific children's book"	Qwen3-14B	factual
Explain why the elephant is pink	Explain why the elephant is gray	1.0	" in the given context and how this relates to the broader themes of the story.

Okay, so I need to figure out why the elephant is pink in the given context and how that relates to the broader themes of the story. Hmm, first, I should probably check if there's a specific story or context mentioned here. Wait, the user hasn't provided a specific story. Maybe they're referring to a well-known story where an elephant is pink? Let me think.

Oh, there's a children"	Qwen3-14B	factual
Explain why the sky is blue	Explain why the water is blue	0.0	". I am a curious child.

Okay, so I need to explain why water is blue. Hmm, let's see. I remember from school that water is transparent, but sometimes it looks blue. Maybe it has something to do with light? Like how light interacts with water.

Wait, when you look at a glass of water, it's clear, but when you look at a big body of water like the ocean, it appears blue. Why is that? Maybe the water absorbs some colors and"	Qwen3-14B	object
Explain why the sky is blue	Explain why the water is blue	0.25	" in the sky and why the sky is blue in the water.

Okay, so I need to figure out why the water is blue in the sky and why the sky is blue in the water. Hmm, that sounds a bit confusing at first. Let me break it down.

First, I know that the sky appears blue because of the way sunlight interacts with the Earth's atmosphere. Sunlight is white light, which is made up of all the colors of the rainbow. When sunlight enters the atmosphere,"	Qwen3-14B	object
Explain why the sky is blue	Explain why the water is blue	0.5	", and also why the sky is blue, and why the ocean is blue. Please explain in detail, with the scientific reasoning.

Okay, so I need to explain why water is blue, the sky is blue, and the ocean is blue. Let me start by recalling what I know. I think it has something to do with light and how it interacts with different substances. 

First, the sky being blue. I remember something about Rayleigh scattering. When sunlight enters the Earth's atmosphere, the"	Qwen3-14B	object
Explain why the sky is blue	Explain why the water is blue	0.75	". The answer should be concise, but include the following: Rayleigh scattering, shorter wavelengths, visible spectrum, and atmosphere.
The sky appears blue due to Rayleigh scattering, where shorter wavelengths (blue/violet) in the visible spectrum are scattered more by the atmosphere. Our eyes are more sensitive to blue than violet, and the scattered blue light dominates the sky's color. 

This answer is concise and includes all the required elements. The original answer was already well-structured and informative, so no"	Qwen3-14B	object
Explain why the sky is blue	Explain why the water is blue	1.0	".

The sky appears blue due to a phenomenon called Rayleigh scattering. When sunlight enters Earth's atmosphere, it collides with molecules and small particles in the air. Sunlight is made up of different colors, each with different wavelengths. Blue light has a shorter wavelength and higher energy compared to other colors like red or yellow.

As sunlight passes through the atmosphere, the shorter wavelengths (blue and violet) scatter more than the longer wavelengths (red, orange, yellow). This scattering happens in all directions,"	Qwen3-14B	object
Explain why the sky is blue	Explain why the water is blue	0.0	 in the ocean, and why the sky is blue in the sky. What are the differences between the two? What are the reasons for the colors of the ocean and sky? What is the difference between the color of the ocean and the color of the sky? Why is the ocean blue and the sky blue? Why is the ocean blue and the sky blue? Why is the ocean blue and the sky blue? Why is the ocean blue and the sky blue? Why is the ocean blue and the sky	Qwen3-1.7B	object
Explain why the sky is blue	Explain why the water is blue	0.25	 in the ocean. - Why is the ocean blue? - What makes the ocean blue? - Why is the ocean blue? - Why is the ocean blue? - Why is the ocean blue? - Why is the ocean blue? - Why is the ocean blue? - Why is the ocean blue? - Why is the ocean blue? - Why is the ocean blue? - Why is the ocean blue? - Why is the ocean blue? - Why is the ocean blue? - Why is the ocean	Qwen3-1.7B	object
Explain why the sky is blue	Explain why the water is blue	0.5	, and what causes the sky to appear different colors during sunrise and sunset. The sky appears blue due to the scattering of sunlight by the atmosphere. When sunlight enters the Earth's atmosphere, it encounters molecules and small particles in the air. The sunlight is made up of different colors, each with a different wavelength. Shorter wavelengths, such as blue and violet, are scattered more efficiently by the atmosphere than longer wavelengths like red and yellow. This is because of the Rayleigh scattering effect, which states that	Qwen3-1.7B	object
Explain why the sky is blue	Explain why the water is blue	0.75	" in the context of the electromagnetic spectrum.

The sky appears blue due to the scattering of sunlight by the Earth's atmosphere. This phenomenon is explained by the Rayleigh scattering theory, which is based on the electromagnetic spectrum. The Earth's atmosphere contains molecules and small particles that scatter light in all directions. However, the blue color of the sky is due to the scattering of shorter wavelengths of light (blue and violet) more effectively than longer wavelengths (red, orange, yellow, etc.). This is because the"	Qwen3-1.7B	object
Explain why the sky is blue	Explain why the water is blue	1.0	" in simple terms.

The sky appears blue because of how sunlight interacts with the Earth's atmosphere. Here's a simple explanation:

Sunlight is white, but it's made up of different colors. When sunlight enters the Earth's atmosphere, it encounters gas molecules and tiny particles in the air. These particles scatter the sunlight, and the blue light is scattered more than other colors because it has a shorter wavelength. This scattered blue light reaches our eyes, making the sky appear blue. The other colors, like"	Qwen3-1.7B	object
Explain transformer attention in english	Explain transformer attention in french	0.0	"

Transformer attention is a key component in modern deep learning models, particularly in transformer-based architectures like BERT, GPT, and others. It allows the model to focus on relevant parts of the input when processing each word or token. This mechanism enables the model to understand the context and relationships between different parts of the input, which is crucial for tasks like language understanding and generation.

The transformer attention mechanism is based on the concept of self-attention, where each token in the input is weighted by its"	Qwen3-1.7B	language
Explain transformer attention in english	Explain transformer attention in french	0.25	"

Transformer attention is a mechanism used in deep learning, particularly in models like the Transformer, which are widely used in natural language processing (NLP). The core idea of transformer attention is to allow the model to focus on relevant parts of the input when processing each word. This is done by using self-attention, which enables the model to weigh the importance of different parts of the input based on their relevance to the current context.

The transformer attention mechanism works by creating a query (Q), key ("	Qwen3-1.7B	language
Explain transformer attention in english	Explain transformer attention in french	0.5	".

Transformer attention is a mechanism used in transformers to process sequences of data, such as text, in a way that captures relationships between elements. It works by using self-attention, which allows each element in the sequence to attend to other elements based on their relevance. This enables the model to learn complex relationships and dependencies between different parts of the input.

The transformer attention mechanism consists of three main components: query, key, and value. The query and key are used to determine the relevance of each element"	Qwen3-1.7B	language
Explain transformer attention in english	Explain transformer attention in french	0.75	", and give an example of how to use it in code.

Transformer attention is a mechanism used in transformer models to process sequences of data, such as text, by focusing on relevant parts of the input when generating each output. It allows the model to capture long-range dependencies and understand the context of the input.

In the transformer model, the attention mechanism is composed of two main parts: self-attention and cross-attention. Self-attention is used when the model is processing a single sequence, while"	Qwen3-1.7B	language
Explain transformer attention in english	Explain transformer attention in french	1.0	"

Transformer attention is a key component in the Transformer model, which is widely used in natural language processing (NLP) and other machine learning tasks. It allows the model to focus on relevant parts of the input when processing each word or token. Here's a simplified explanation:

1. **Self-Attention Mechanism**: The attention mechanism is a way to allow the model to weigh the importance of different parts of the input. In the case of transformers, each word in the input is treated as a"	Qwen3-1.7B	language
Explain transformer attention in english	Explain transformer attention in french	0.0	"

Bien s√ªr ! Voici une explication de l'attention dans un transformateur (Transformer) en fran√ßais :

Le m√©canisme d'attention dans les mod√®les de type Transformer est une m√©thode qui permet √† un mod√®le de porter une attention sur diff√©rentes parties d'une s√©quence d'entr√©e. Cela signifie que le mod√®le peut pond√©rer l'importance des diff√©rents mots ou √©l√©ments d'une phrase en fonction de leur pertinence pour la t√¢che √† accomplir.

L'"	Qwen3-8B	language
Explain transformer attention in english	Explain transformer attention in french	0.25	"

Bien s√ªr ! Voici une explication de l'attention dans un transformateur (Transformer) en fran√ßais :

### L'attention dans un mod√®le Transformer

Le m√©canisme d'**attention** est une composante cl√© des mod√®les **Transformer**, introduits par Vaswani et al. en 2017. Il permet aux mod√®les de se concentrer sur des parties pertinentes des donn√©es d'entr√©e lors du traitement d'une s√©quence.

---

### 1"	Qwen3-8B	language
Explain transformer attention in english	Explain transformer attention in french	0.5	"

Okay, I need to explain transformer attention in simple English. Let me start by recalling what I know. The transformer model uses attention mechanisms, right? But I'm not exactly sure how that works. Let me think. 

First, I remember that transformers are used in natural language processing, like for translation or text generation. They replaced the older RNNs because they can handle long-range dependencies better. But the key part is the attention mechanism. 

So, attention allows the model to focus"	Qwen3-8B	language
Explain transformer attention in english	Explain transformer attention in french	0.75	", not code

Okay, so I need to explain transformer attention in simple English, not using any code. Let me start by recalling what I know about transformers and attention mechanisms. 

First, transformers are a type of neural network architecture that's used in various NLP tasks like language translation, text generation, etc. They replaced the older recurrent neural networks (RNNs) because they handle long-range dependencies better and are more efficient. The key part of transformers is the attention mechanism, which allows"	Qwen3-8B	language
Explain transformer attention in english	Explain transformer attention in french	1.0	"
Okay, I need to explain transformer attention in simple English. Let me start by recalling what I know. The transformer model is a type of neural network used in natural language processing. It's known for its attention mechanism, which helps the model focus on relevant parts of the input when processing data.

First, I should explain what attention is in general. Attention is like when you focus on certain parts of a text when reading. For example, if I'm reading a sentence and trying to understand the"	Qwen3-8B	language
Explain why the elephant is pink	Explain why the elephant is gray	0.0	" in color.

The color of an elephant's skin is primarily determined by natural selection and evolutionary adaptations that have developed over time. Elephants are gray because this coloration provides several advantages in their natural habitats. Here are some key reasons:

1. **Thermoregulation**: Gray skin helps elephants regulate their body temperature. The color reflects sunlight, reducing heat absorption, which is crucial in hot environments like savannas and deserts. This helps them stay cool in high temperatures.

2. **"	Qwen3-8B	factual
Explain why the elephant is pink	Explain why the elephant is gray	0.25	, and also explain why the elephant is gray. Please do not use any markdown formatting. The answer should be in a single paragraph. The answer should be at least 300 words. The answer should be written in English. The answer should be in the form of a single paragraph. The answer should not be in any markdown format. The answer should not use any special characters. The answer should not use any emojis. The answer should not use any formatting. The answer should not use any	Qwen3-8B	factual
Explain why the elephant is pink	Explain why the elephant is gray	0.5	" in the story, and what does this symbolize? Also, explain the meaning of the phrase ""the elephant in the room"" and how it relates to the story. What is the main idea of the story, and what is the moral of the story? How does the elephant's color change throughout the story, and what does this represent? Why does the elephant feel the need to change color? What does the elephant's pink color represent in the story? What is the significance of the elephant's"	Qwen3-8B	factual
Explain why the elephant is pink	Explain why the elephant is gray	0.75	" and how it relates to the concept of color theory in art.
The idea of an elephant being pink is not inherently tied to color theory in art, as the color of an elephant in reality is typically gray or brown. However, if we consider the scenario of an elephant being pink, it could be explored through the lens of color theory in art for creative or symbolic purposes. Here's how it might relate:

1. **Color Theory Fundamentals**: Color theory involves understanding how colors interact, including hue"	Qwen3-8B	factual
Explain why the elephant is pink	Explain why the elephant is gray	1.0	".

The color of an elephant's skin can vary, but it is not typically pink. Elephants have thick, gray or brown skin, which helps protect them from the sun and provides a natural camouflage in their environments. However, there are a few scenarios where an elephant might appear pink:

1. **Baby Elephants**: Young elephants may have a lighter, more pinkish skin tone, which can appear pinkish due to the thinness of their skin and the presence of blood vessels. This is"	Qwen3-8B	factual
